{"DocumentId":"admn_form_uipath","ContentType":"image/png","Length":1413,"Pages":[{"PageIndex":0,"Size":[0.0,0.0,1241.0,1755.0],"Sections":[{"IndexInText":0,"Language":"eng","Length":1413,"Rotation":"None","SkewAngle":-0.1,"Type":"Table","WordGroups":[{"IndexInText":0,"Length":201,"Type":"TableRowEnd","Words":[{"Box":[82.0,388.0,185.0,24.0],"Polygon":[388.0,82.0,573.0,82.0,573.0,106.0,388.0,106.0],"IndexInText":0,"OcrConfidence":1.0,"Text":"RAJALAKSHMI","VisualLineNumber":0,"TextType":"Unknown"},{"Box":[81.0,579.0,182.0,25.0],"Polygon":[579.0,81.0,761.0,81.0,761.0,106.0,579.0,106.0],"IndexInText":12,"OcrConfidence":1.0,"Text":"ENGINEERING","VisualLineNumber":0,"TextType":"Unknown"},{"Box":[82.0,767.0,116.0,24.0],"Polygon":[767.0,82.0,883.0,82.0,883.0,106.0,767.0,106.0],"IndexInText":24,"OcrConfidence":1.0,"Text":"COLLEGE","VisualLineNumber":0,"TextType":"Unknown"},{"Box":[110.0,194.0,35.0,10.0],"Polygon":[194.0,110.0,229.0,110.0,229.0,120.0,194.0,120.0],"IndexInText":32,"OcrConfidence":0.02,"Text":"Ebor","VisualLineNumber":1,"TextType":"Unknown"},{"Box":[120.0,198.0,29.0,9.0],"Polygon":[198.0,120.0,227.0,120.0,227.0,129.0,198.0,129.0],"IndexInText":37,"OcrConfidence":0.269999981,"Text":"1S","VisualLineNumber":2,"TextType":"Unknown"},{"Box":[127.0,200.0,23.0,10.0],"Polygon":[200.0,127.0,223.0,127.0,223.0,137.0,200.0,137.0],"IndexInText":40,"OcrConfidence":0.0,"Text":"1ET3","VisualLineNumber":3,"TextType":"Unknown"},{"Box":[118.0,494.0,25.0,15.0],"Polygon":[494.0,118.0,519.0,118.0,519.0,133.0,494.0,133.0],"IndexInText":45,"OcrConfidence":1.0,"Text":"An","VisualLineNumber":2,"TextType":"Unknown"},{"Box":[117.0,521.0,134.0,16.0],"Polygon":[521.0,117.0,655.0,117.0,655.0,133.0,521.0,133.0],"IndexInText":48,"OcrConfidence":1.0,"Text":"AUTONOMOUS","VisualLineNumber":2,"TextType":"Unknown"},{"Box":[116.0,658.0,87.0,17.0],"Polygon":[658.0,116.0,745.0,116.0,745.0,133.0,658.0,133.0],"IndexInText":59,"OcrConfidence":1.0,"Text":"Institution","VisualLineNumber":2,"TextType":"Unknown"},{"Box":[141.0,453.0,73.0,17.0],"Polygon":[453.0,141.0,526.0,141.0,526.0,158.0,453.0,158.0],"IndexInText":71,"OcrConfidence":1.0,"Text":"Affliated","VisualLineNumber":4,"TextType":"Unknown"},{"Box":[142.0,529.0,20.0,16.0],"Polygon":[529.0,142.0,549.0,142.0,549.0,158.0,529.0,158.0],"IndexInText":81,"OcrConfidence":1.0,"Text":"to","VisualLineNumber":4,"TextType":"Unknown"},{"Box":[142.0,551.0,54.0,16.0],"Polygon":[551.0,142.0,605.0,142.0,605.0,158.0,551.0,158.0],"IndexInText":84,"OcrConfidence":1.0,"Text":"ANNA","VisualLineNumber":4,"TextType":"Unknown"},{"Box":[142.0,609.0,103.0,19.0],"Polygon":[609.0,142.0,712.0,142.0,712.0,161.0,609.0,161.0],"IndexInText":89,"OcrConfidence":1.0,"Text":"UNIVERSITY,","VisualLineNumber":4,"TextType":"Unknown"},{"Box":[141.0,716.0,70.0,17.0],"Polygon":[716.0,141.0,786.0,141.0,786.0,158.0,716.0,158.0],"IndexInText":101,"OcrConfidence":1.0,"Text":"Chennai","VisualLineNumber":4,"TextType":"Unknown"},{"Box":[161.0,201.0,20.0,9.0],"Polygon":[201.0,161.0,221.0,161.0,221.0,170.0,201.0,170.0],"IndexInText":109,"OcrConfidence":0.969999969,"Text":"REC","VisualLineNumber":5,"TextType":"Unknown"},{"Box":[194.0,406.0,125.0,19.0],"Polygon":[406.0,194.0,531.0,194.0,531.0,213.0,406.0,213.0],"IndexInText":113,"OcrConfidence":1.0,"Text":"ADMISSION","VisualLineNumber":6,"TextType":"Unknown"},{"Box":[194.0,536.0,65.0,19.0],"Polygon":[536.0,194.0,601.0,194.0,601.0,213.0,536.0,213.0],"IndexInText":123,"OcrConfidence":1.0,"Text":"FORM","VisualLineNumber":6,"TextType":"Unknown"},{"Box":[193.0,606.0,127.0,24.0],"Polygon":[606.0,193.0,733.0,193.0,733.0,217.0,606.0,217.0],"IndexInText":128,"OcrConfidence":0.98999995,"Text":"(B.E/B.Tech)","VisualLineNumber":6,"TextType":"Unknown"},{"Box":[197.0,737.0,7.0,17.0],"Polygon":[737.0,197.0,744.0,197.0,744.0,214.0,737.0,214.0],"IndexInText":141,"OcrConfidence":1.0,"Text":":","VisualLineNumber":6,"TextType":"Unknown"},{"Box":[194.0,748.0,86.0,20.0],"Polygon":[748.0,194.0,834.0,194.0,834.0,214.0,748.0,214.0],"IndexInText":143,"OcrConfidence":1.0,"Text":"2023-24","VisualLineNumber":6,"TextType":"Unknown"},{"Box":[237.0,715.0,106.0,24.0],"Polygon":[715.0,237.0,821.0,237.0,821.0,261.0,715.0,261.0],"IndexInText":151,"OcrConfidence":1.0,"Text":"Application","VisualLineNumber":7,"TextType":"Unknown"},{"Box":[237.0,823.0,36.0,20.0],"Polygon":[823.0,237.0,859.0,237.0,859.0,257.0,823.0,257.0],"IndexInText":163,"OcrConfidence":1.0,"Text":"No:","VisualLineNumber":7,"TextType":"Unknown"},{"Box":[271.0,149.0,66.0,18.0],"Polygon":[149.0,271.0,215.0,271.0,215.0,289.0,149.0,289.0],"IndexInText":167,"OcrConfidence":1.0,"Text":"Student","VisualLineNumber":8,"TextType":"Unknown"},{"Box":[272.0,217.0,53.0,17.0],"Polygon":[217.0,272.0,270.0,272.0,270.0,289.0,217.0,289.0],"IndexInText":175,"OcrConfidence":1.0,"Text":"Name","VisualLineNumber":8,"TextType":"Unknown"},{"Box":[271.0,273.0,26.0,22.0],"Polygon":[273.0,271.0,299.0,271.0,299.0,293.0,273.0,293.0],"IndexInText":180,"OcrConfidence":1.0,"Text":"(in","VisualLineNumber":8,"TextType":"Unknown"},{"Box":[272.0,302.0,88.0,18.0],"Polygon":[302.0,272.0,390.0,272.0,390.0,290.0,302.0,290.0],"IndexInText":184,"OcrConfidence":1.0,"Text":"CAPITAL","VisualLineNumber":8,"TextType":"Unknown"},{"Box":[271.0,391.0,65.0,22.0],"Polygon":[391.0,271.0,456.0,271.0,456.0,293.0,391.0,293.0],"IndexInText":192,"OcrConfidence":1.0,"Text":"letters):","VisualLineNumber":8,"TextType":"Unknown"}]},{"IndexInText":202,"Length":91,"Type":"TableRowEnd","Words":[{"Box":[392.0,149.0,68.0,18.0],"Polygon":[149.0,392.0,217.0,392.0,217.0,410.0,149.0,410.0],"IndexInText":202,"OcrConfidence":1.0,"Text":"Gender:","VisualLineNumber":9,"TextType":"Unknown"},{"Box":[389.0,226.0,26.0,23.0],"Polygon":[226.0,389.0,252.0,389.0,252.0,412.0,226.0,412.0],"IndexInText":210,"OcrConfidence":1.0,"Text":"☐","VisualLineNumber":9,"TextType":"Unknown"},{"Box":[392.0,268.0,45.0,18.0],"Polygon":[268.0,392.0,313.0,392.0,313.0,410.0,268.0,410.0],"IndexInText":212,"OcrConfidence":1.0,"Text":"Male","VisualLineNumber":9,"TextType":"Unknown"},{"Box":[388.0,325.0,26.0,25.0],"Polygon":[325.0,388.0,351.0,388.0,351.0,413.0,325.0,413.0],"IndexInText":217,"OcrConfidence":1.0,"Text":"☐","VisualLineNumber":9,"TextType":"Unknown"},{"Box":[392.0,368.0,64.0,18.0],"Polygon":[368.0,392.0,432.0,392.0,432.0,410.0,368.0,410.0],"IndexInText":219,"OcrConfidence":1.0,"Text":"Female","VisualLineNumber":9,"TextType":"Unknown"},{"Box":[393.0,596.0,42.0,17.0],"Polygon":[596.0,393.0,638.0,393.0,638.0,410.0,596.0,410.0],"IndexInText":226,"OcrConfidence":1.0,"Text":"Date","VisualLineNumber":9,"TextType":"Unknown"},{"Box":[392.0,641.0,22.0,18.0],"Polygon":[641.0,392.0,663.0,392.0,663.0,410.0,641.0,410.0],"IndexInText":231,"OcrConfidence":1.0,"Text":"of","VisualLineNumber":9,"TextType":"Unknown"},{"Box":[392.0,664.0,42.0,19.0],"Polygon":[664.0,392.0,706.0,392.0,706.0,411.0,664.0,411.0],"IndexInText":234,"OcrConfidence":1.0,"Text":"birth","VisualLineNumber":9,"TextType":"Unknown"},{"Box":[392.0,708.0,128.0,23.0],"Polygon":[708.0,392.0,836.0,392.0,836.0,415.0,708.0,415.0],"IndexInText":240,"OcrConfidence":0.98999995,"Text":"(dd/mm/yyyy):","VisualLineNumber":9,"TextType":"Unknown"},{"Box":[435.0,149.0,52.0,17.0],"Polygon":[149.0,435.0,201.0,435.0,201.0,452.0,149.0,452.0],"IndexInText":254,"OcrConfidence":1.0,"Text":"Caste:","VisualLineNumber":10,"TextType":"Unknown"},{"Box":[434.0,456.0,80.0,23.0],"Polygon":[456.0,434.0,536.0,434.0,536.0,457.0,456.0,457.0],"IndexInText":261,"OcrConfidence":1.0,"Text":"Religion:","VisualLineNumber":10,"TextType":"Unknown"},{"Box":[434.0,782.0,103.0,22.0],"Polygon":[782.0,434.0,885.0,434.0,885.0,456.0,782.0,456.0],"IndexInText":271,"OcrConfidence":1.0,"Text":"Nationality:","VisualLineNumber":10,"TextType":"Unknown"},{"Box":[477.0,148.0,53.0,18.0],"Polygon":[148.0,477.0,201.0,477.0,201.0,495.0,148.0,495.0],"IndexInText":284,"OcrConfidence":1.0,"Text":"Email","VisualLineNumber":11,"TextType":"Unknown"},{"Box":[477.0,203.0,30.0,19.0],"Polygon":[203.0,477.0,233.0,477.0,233.0,496.0,203.0,496.0],"IndexInText":290,"OcrConfidence":1.0,"Text":"ID:","VisualLineNumber":11,"TextType":"Unknown"}]},{"IndexInText":404,"Length":18,"Type":"TableRowEnd","Words":[{"Box":[599.0,148.0,93.0,17.0],"Polygon":[148.0,599.0,241.0,599.0,241.0,616.0,148.0,616.0],"IndexInText":404,"OcrConfidence":1.0,"Text":"Permanent","VisualLineNumber":12,"TextType":"Unknown"},{"Box":[598.0,241.0,77.0,18.0],"Polygon":[241.0,598.0,318.0,598.0,318.0,616.0,241.0,616.0],"IndexInText":414,"OcrConfidence":1.0,"Text":"Address:","VisualLineNumber":12,"TextType":"Unknown"}]},{"IndexInText":606,"Length":35,"Type":"TableRowEnd","Words":[{"Box":[788.0,148.0,71.0,18.0],"Polygon":[148.0,788.0,219.0,788.0,219.0,806.0,148.0,806.0],"IndexInText":606,"OcrConfidence":1.0,"Text":"Father's","VisualLineNumber":13,"TextType":"Unknown"},{"Box":[793.0,221.0,52.0,14.0],"Polygon":[221.0,793.0,273.0,793.0,273.0,807.0,221.0,807.0],"IndexInText":615,"OcrConfidence":1.0,"Text":"name:","VisualLineNumber":13,"TextType":"Unknown"},{"Box":[788.0,278.0,25.0,23.0],"Polygon":[278.0,788.0,303.0,788.0,303.0,811.0,278.0,811.0],"IndexInText":621,"OcrConfidence":1.0,"Text":"(in","VisualLineNumber":13,"TextType":"Unknown"},{"Box":[789.0,307.0,92.0,19.0],"Polygon":[307.0,789.0,399.0,789.0,399.0,808.0,307.0,808.0],"IndexInText":625,"OcrConfidence":1.0,"Text":"CAPITAL","VisualLineNumber":13,"TextType":"Unknown"},{"Box":[788.0,403.0,64.0,24.0],"Polygon":[403.0,788.0,467.0,788.0,467.0,812.0,403.0,812.0],"IndexInText":633,"OcrConfidence":1.0,"Text":"letters)","VisualLineNumber":13,"TextType":"Unknown"}]},{"IndexInText":808,"Length":90,"Type":"TableRowEnd","Words":[{"Box":[909.0,148.0,68.0,17.0],"Polygon":[148.0,909.0,216.0,909.0,216.0,926.0,148.0,926.0],"IndexInText":808,"OcrConfidence":1.0,"Text":"Contact","VisualLineNumber":14,"TextType":"Unknown"},{"Box":[913.0,219.0,28.0,13.0],"Polygon":[219.0,913.0,247.0,913.0,247.0,926.0,219.0,926.0],"IndexInText":816,"OcrConfidence":1.0,"Text":"no:","VisualLineNumber":14,"TextType":"Unknown"},{"Box":[908.0,480.0,71.0,18.0],"Polygon":[480.0,908.0,551.0,908.0,551.0,926.0,480.0,926.0],"IndexInText":820,"OcrConfidence":1.0,"Text":"Father's","VisualLineNumber":14,"TextType":"Unknown"},{"Box":[908.0,554.0,102.0,22.0],"Polygon":[554.0,908.0,656.0,908.0,656.0,930.0,554.0,930.0],"IndexInText":829,"OcrConfidence":1.0,"Text":"Occupation:","VisualLineNumber":14,"TextType":"Unknown"},{"Box":[908.0,801.0,71.0,18.0],"Polygon":[801.0,908.0,872.0,908.0,872.0,926.0,801.0,926.0],"IndexInText":841,"OcrConfidence":1.0,"Text":"Father's","VisualLineNumber":14,"TextType":"Unknown"},{"Box":[909.0,874.0,108.0,21.0],"Polygon":[874.0,909.0,982.0,909.0,982.0,930.0,874.0,930.0],"IndexInText":850,"OcrConfidence":1.0,"Text":"Designation:","VisualLineNumber":14,"TextType":"Unknown"},{"Box":[1030.0,148.0,78.0,17.0],"Polygon":[148.0,1030.0,226.0,1030.0,226.0,1047.0,148.0,1047.0],"IndexInText":863,"OcrConfidence":1.0,"Text":"Mother's","VisualLineNumber":15,"TextType":"Unknown"},{"Box":[1030.0,228.0,59.0,17.0],"Polygon":[228.0,1030.0,287.0,1030.0,287.0,1047.0,228.0,1047.0],"IndexInText":872,"OcrConfidence":1.0,"Text":"Name:","VisualLineNumber":15,"TextType":"Unknown"},{"Box":[1029.0,291.0,26.0,23.0],"Polygon":[291.0,1029.0,317.0,1029.0,317.0,1052.0,291.0,1052.0],"IndexInText":878,"OcrConfidence":1.0,"Text":"(in","VisualLineNumber":15,"TextType":"Unknown"},{"Box":[1030.0,320.0,93.0,19.0],"Polygon":[320.0,1030.0,413.0,1030.0,413.0,1049.0,320.0,1049.0],"IndexInText":882,"OcrConfidence":1.0,"Text":"CAPITAL","VisualLineNumber":15,"TextType":"Unknown"},{"Box":[1029.0,417.0,64.0,24.0],"Polygon":[417.0,1029.0,481.0,1029.0,481.0,1053.0,417.0,1053.0],"IndexInText":890,"OcrConfidence":1.0,"Text":"letters)","VisualLineNumber":15,"TextType":"Unknown"}]},{"IndexInText":1010,"Length":76,"Type":"TableRowEnd","Words":[{"Box":[1151.0,149.0,67.0,17.0],"Polygon":[149.0,1151.0,216.0,1151.0,216.0,1168.0,149.0,1168.0],"IndexInText":1010,"OcrConfidence":1.0,"Text":"Contact","VisualLineNumber":16,"TextType":"Unknown"},{"Box":[1155.0,218.0,28.0,13.0],"Polygon":[218.0,1155.0,246.0,1155.0,246.0,1168.0,218.0,1168.0],"IndexInText":1018,"OcrConfidence":0.98999995,"Text":"no:","VisualLineNumber":16,"TextType":"Unknown"},{"Box":[1151.0,480.0,79.0,17.0],"Polygon":[480.0,1151.0,559.0,1151.0,559.0,1168.0,480.0,1168.0],"IndexInText":1022,"OcrConfidence":1.0,"Text":"Mother's","VisualLineNumber":16,"TextType":"Unknown"},{"Box":[1151.0,562.0,103.0,21.0],"Polygon":[562.0,1151.0,665.0,1151.0,665.0,1172.0,562.0,1172.0],"IndexInText":1031,"OcrConfidence":1.0,"Text":"Occupation:","VisualLineNumber":16,"TextType":"Unknown"},{"Box":[1150.0,804.0,79.0,18.0],"Polygon":[804.0,1150.0,883.0,1150.0,883.0,1168.0,804.0,1168.0],"IndexInText":1043,"OcrConfidence":1.0,"Text":"Mother's","VisualLineNumber":16,"TextType":"Unknown"},{"Box":[1150.0,885.0,109.0,22.0],"Polygon":[885.0,1150.0,994.0,1150.0,994.0,1172.0,885.0,1172.0],"IndexInText":1052,"OcrConfidence":1.0,"Text":"Designation:","VisualLineNumber":16,"TextType":"Unknown"},{"Box":[1271.0,148.0,80.0,19.0],"Polygon":[148.0,1271.0,228.0,1271.0,228.0,1290.0,148.0,1290.0],"IndexInText":1065,"OcrConfidence":1.0,"Text":"Preferred","VisualLineNumber":17,"TextType":"Unknown"},{"Box":[1272.0,231.0,105.0,21.0],"Polygon":[231.0,1272.0,336.0,1272.0,336.0,1293.0,231.0,1293.0],"IndexInText":1075,"OcrConfidence":1.0,"Text":"Department:","VisualLineNumber":17,"TextType":"Unknown"}]},{"IndexInText":1212,"Length":174,"Type":"TableRowEnd","Words":[{"Box":[1391.0,148.0,54.0,19.0],"Polygon":[148.0,1391.0,202.0,1391.0,202.0,1410.0,148.0,1410.0],"IndexInText":1212,"OcrConfidence":1.0,"Text":"Board","VisualLineNumber":18,"TextType":"Unknown"},{"Box":[1391.0,205.0,22.0,18.0],"Polygon":[205.0,1391.0,227.0,1391.0,227.0,1409.0,205.0,1409.0],"IndexInText":1218,"OcrConfidence":1.0,"Text":"of","VisualLineNumber":18,"TextType":"Unknown"},{"Box":[1391.0,228.0,56.0,22.0],"Polygon":[228.0,1391.0,284.0,1391.0,284.0,1413.0,228.0,1413.0],"IndexInText":1221,"OcrConfidence":1.0,"Text":"Study:","VisualLineNumber":18,"TextType":"Unknown"},{"Box":[1434.0,148.0,56.0,18.0],"Polygon":[148.0,1434.0,204.0,1434.0,204.0,1452.0,148.0,1452.0],"IndexInText":1228,"OcrConfidence":1.0,"Text":"Marks","VisualLineNumber":19,"TextType":"Unknown"},{"Box":[1434.0,208.0,78.0,18.0],"Polygon":[208.0,1434.0,286.0,1434.0,286.0,1452.0,208.0,1452.0],"IndexInText":1234,"OcrConfidence":1.0,"Text":"obtained:","VisualLineNumber":19,"TextType":"Unknown"},{"Box":[1474.0,150.0,37.0,21.0],"Polygon":[150.0,1474.0,187.0,1474.0,187.0,1495.0,150.0,1495.0],"IndexInText":1244,"OcrConfidence":0.77,"Text":"10th.","VisualLineNumber":20,"TextType":"Unknown"},{"Box":[1474.0,375.0,37.0,21.0],"Polygon":[375.0,1474.0,412.0,1474.0,412.0,1495.0,375.0,1495.0],"IndexInText":1250,"OcrConfidence":0.909999967,"Text":"12th.","VisualLineNumber":20,"TextType":"Unknown"},{"Box":[1476.0,598.0,46.0,18.0],"Polygon":[598.0,1476.0,644.0,1476.0,644.0,1494.0,598.0,1494.0],"IndexInText":1256,"OcrConfidence":1.0,"Text":"Total","VisualLineNumber":20,"TextType":"Unknown"},{"Box":[1476.0,647.0,61.0,18.0],"Polygon":[647.0,1476.0,708.0,1476.0,708.0,1494.0,647.0,1494.0],"IndexInText":1262,"OcrConfidence":1.0,"Text":"Cutoff:","VisualLineNumber":20,"TextType":"Unknown"},{"Box":[1477.0,900.0,58.0,18.0],"Polygon":[900.0,1477.0,958.0,1477.0,958.0,1495.0,900.0,1495.0],"IndexInText":1270,"OcrConfidence":1.0,"Text":"TNEA","VisualLineNumber":20,"TextType":"Unknown"},{"Box":[1476.0,959.0,43.0,18.0],"Polygon":[959.0,1476.0,1002.0,1476.0,1002.0,1494.0,959.0,1494.0],"IndexInText":1275,"OcrConfidence":1.0,"Text":"rank:","VisualLineNumber":20,"TextType":"Unknown"},{"Box":[1520.0,148.0,10.0,17.0],"Polygon":[148.0,1520.0,158.0,1520.0,158.0,1537.0,148.0,1537.0],"IndexInText":1281,"OcrConfidence":1.0,"Text":"I","VisualLineNumber":21,"TextType":"Unknown"},{"Box":[1519.0,161.0,62.0,18.0],"Polygon":[161.0,1519.0,223.0,1519.0,223.0,1537.0,161.0,1537.0],"IndexInText":1283,"OcrConfidence":1.0,"Text":"declare","VisualLineNumber":21,"TextType":"Unknown"},{"Box":[1519.0,226.0,34.0,18.0],"Polygon":[226.0,1519.0,260.0,1519.0,260.0,1537.0,226.0,1537.0],"IndexInText":1291,"OcrConfidence":1.0,"Text":"that","VisualLineNumber":21,"TextType":"Unknown"},{"Box":[1519.0,262.0,29.0,18.0],"Polygon":[262.0,1519.0,291.0,1519.0,291.0,1537.0,262.0,1537.0],"IndexInText":1296,"OcrConfidence":1.0,"Text":"the","VisualLineNumber":21,"TextType":"Unknown"},{"Box":[1519.0,294.0,51.0,18.0],"Polygon":[294.0,1519.0,345.0,1519.0,345.0,1537.0,294.0,1537.0],"IndexInText":1300,"OcrConfidence":1.0,"Text":"above","VisualLineNumber":21,"TextType":"Unknown"},{"Box":[1519.0,348.0,90.0,19.0],"Polygon":[348.0,1519.0,438.0,1519.0,438.0,1538.0,348.0,1538.0],"IndexInText":1306,"OcrConfidence":1.0,"Text":"mentioned","VisualLineNumber":21,"TextType":"Unknown"},{"Box":[1519.0,442.0,56.0,18.0],"Polygon":[442.0,1519.0,498.0,1519.0,498.0,1537.0,442.0,1537.0],"IndexInText":1316,"OcrConfidence":1.0,"Text":"details","VisualLineNumber":21,"TextType":"Unknown"},{"Box":[1524.0,501.0,27.0,13.0],"Polygon":[501.0,1524.0,528.0,1524.0,528.0,1537.0,501.0,1537.0],"IndexInText":1324,"OcrConfidence":1.0,"Text":"are","VisualLineNumber":21,"TextType":"Unknown"},{"Box":[1521.0,531.0,35.0,16.0],"Polygon":[531.0,1521.0,566.0,1521.0,566.0,1537.0,531.0,1537.0],"IndexInText":1328,"OcrConfidence":1.0,"Text":"true","VisualLineNumber":21,"TextType":"Unknown"},{"Box":[1521.0,569.0,18.0,16.0],"Polygon":[569.0,1521.0,587.0,1521.0,587.0,1537.0,569.0,1537.0],"IndexInText":1333,"OcrConfidence":1.0,"Text":"to","VisualLineNumber":21,"TextType":"Unknown"},{"Box":[1519.0,590.0,28.0,18.0],"Polygon":[590.0,1519.0,618.0,1519.0,618.0,1537.0,590.0,1537.0],"IndexInText":1336,"OcrConfidence":1.0,"Text":"the","VisualLineNumber":21,"TextType":"Unknown"},{"Box":[1519.0,622.0,36.0,18.0],"Polygon":[622.0,1519.0,658.0,1519.0,658.0,1537.0,622.0,1537.0],"IndexInText":1340,"OcrConfidence":1.0,"Text":"best","VisualLineNumber":21,"TextType":"Unknown"},{"Box":[1519.0,661.0,21.0,18.0],"Polygon":[661.0,1519.0,682.0,1519.0,682.0,1537.0,661.0,1537.0],"IndexInText":1345,"OcrConfidence":1.0,"Text":"of","VisualLineNumber":21,"TextType":"Unknown"},{"Box":[1524.0,684.0,28.0,17.0],"Polygon":[684.0,1524.0,712.0,1524.0,712.0,1541.0,684.0,1541.0],"IndexInText":1348,"OcrConfidence":1.0,"Text":"my","VisualLineNumber":21,"TextType":"Unknown"},{"Box":[1519.0,714.0,99.0,22.0],"Polygon":[714.0,1519.0,813.0,1519.0,813.0,1541.0,714.0,1541.0],"IndexInText":1351,"OcrConfidence":1.0,"Text":"knowledge.","VisualLineNumber":21,"TextType":"Unknown"},{"Box":[1563.0,148.0,46.0,17.0],"Polygon":[148.0,1563.0,194.0,1563.0,194.0,1580.0,148.0,1580.0],"IndexInText":1362,"OcrConfidence":1.0,"Text":"Date:","VisualLineNumber":22,"TextType":"Unknown"},{"Box":[1563.0,884.0,69.0,18.0],"Polygon":[884.0,1563.0,953.0,1563.0,953.0,1581.0,884.0,1581.0],"IndexInText":1368,"OcrConfidence":0.98999995,"Text":"Parent's","VisualLineNumber":22,"TextType":"Unknown"},{"Box":[1563.0,957.0,80.0,21.0],"Polygon":[957.0,1563.0,1037.0,1563.0,1037.0,1584.0,957.0,1584.0],"IndexInText":1377,"OcrConfidence":1.0,"Text":"signature","VisualLineNumber":22,"TextType":"Unknown"}]}]}],"ProcessingSource":"Ocr","IndexInText":0,"TextLength":1413,"SkewAngle":-0.1,"PageMetadata":[{"Key":"ImageHash","Value":"2a3df5e92961157580490310b7ad6861"},{"Key":"OcrConfidence","Value":"0.97"}]}],"DocumentMetadata":[{"Key":"CommitSHA","Value":null},{"Key":"ReleaseVersion","Value":null},{"Key":"OcrConfidence","Value":"0.97"}]}