﻿{
  "DataContractVersion": "1.1",
  "DocumentTypes": [
    {
      "DocumentTypeId": "Education.NoCategory.AdmissionForm",
      "Group": "Education",
      "Category": "Admission",
      "Name": "AdmissionForm",
      "OptionalUniqueIdentifier": "",
      "TypeField": {
        "FieldId": "Education.NoCategory.AdmissionForm.DocumentType",
        "FieldName": "Document Type"
      },
      "Fields": [
        {
          "FieldId": "Education.NoCategory.AdmissionForm.ApplicationNo",
          "FieldName": "Application No",
          "IsMultiValue": false,
          "Type": "Text",
          "DeriveFieldsFormat": "",
          "Components": [],
          "SetValues": [],
          "Metadata": [
            {
              "Key": "Color",
              "Value": "#fa6616"
            },
            {
              "Key": "Hotkey",
              "Value": "a"
            }
          ],
          "RuleSet": null,
          "DefaultValue": ""
        },
        {
          "FieldId": "Education.NoCategory.AdmissionForm.StudentName",
          "FieldName": "Student Name",
          "IsMultiValue": false,
          "Type": "Text",
          "DeriveFieldsFormat": "",
          "Components": [],
          "SetValues": [],
          "Metadata": [
            {
              "Key": "Color",
              "Value": "#fcd98f"
            },
            {
              "Key": "Hotkey",
              "Value": "e"
            }
          ],
          "RuleSet": null,
          "DefaultValue": ""
        },
        {
          "FieldId": "Education.NoCategory.AdmissionForm.Male",
          "FieldName": "Male",
          "IsMultiValue": false,
          "Type": "Boolean",
          "DeriveFieldsFormat": "",
          "Components": [],
          "SetValues": [],
          "Metadata": [
            {
              "Key": "Color",
              "Value": "#661595"
            },
            {
              "Key": "Hotkey",
              "Value": "m"
            }
          ],
          "RuleSet": null,
          "DefaultValue": ""
        },
        {
          "FieldId": "Education.NoCategory.AdmissionForm.Female",
          "FieldName": "Female",
          "IsMultiValue": false,
          "Type": "Boolean",
          "DeriveFieldsFormat": "",
          "Components": [],
          "SetValues": [],
          "Metadata": [
            {
              "Key": "Color",
              "Value": "#bf22cf"
            },
            {
              "Key": "Hotkey",
              "Value": "l"
            }
          ],
          "RuleSet": null,
          "DefaultValue": ""
        },
        {
          "FieldId": "Education.NoCategory.AdmissionForm.DateofBirth",
          "FieldName": "Date of Birth",
          "IsMultiValue": false,
          "Type": "Date",
          "DeriveFieldsFormat": "",
          "Components": [],
          "SetValues": [],
          "Metadata": [
            {
              "Key": "Color",
              "Value": "#df7088"
            },
            {
              "Key": "Hotkey",
              "Value": "r"
            }
          ],
          "RuleSet": null,
          "DefaultValue": ""
        },
        {
          "FieldId": "Education.NoCategory.AdmissionForm.Caste",
          "FieldName": "Caste",
          "IsMultiValue": false,
          "Type": "Text",
          "DeriveFieldsFormat": "",
          "Components": [],
          "SetValues": [],
          "Metadata": [
            {
              "Key": "Color",
              "Value": "#824e50"
            },
            {
              "Key": "Hotkey",
              "Value": "c"
            }
          ],
          "RuleSet": null,
          "DefaultValue": ""
        },
        {
          "FieldId": "Education.NoCategory.AdmissionForm.Religion",
          "FieldName": "Religion",
          "IsMultiValue": false,
          "Type": "Text",
          "DeriveFieldsFormat": "",
          "Components": [],
          "SetValues": [],
          "Metadata": [
            {
              "Key": "Color",
              "Value": "#e2ad74"
            },
            {
              "Key": "Hotkey",
              "Value": "g"
            }
          ],
          "RuleSet": null,
          "DefaultValue": ""
        },
        {
          "FieldId": "Education.NoCategory.AdmissionForm.Nationality",
          "FieldName": "Nationality",
          "IsMultiValue": false,
          "Type": "Text",
          "DeriveFieldsFormat": "",
          "Components": [],
          "SetValues": [],
          "Metadata": [
            {
              "Key": "Color",
              "Value": "#a8bd99"
            },
            {
              "Key": "Hotkey",
              "Value": "y"
            }
          ],
          "RuleSet": null,
          "DefaultValue": ""
        },
        {
          "FieldId": "Education.NoCategory.AdmissionForm.EmailID",
          "FieldName": "Email ID",
          "IsMultiValue": false,
          "Type": "Text",
          "DeriveFieldsFormat": "",
          "Components": [],
          "SetValues": [],
          "Metadata": [
            {
              "Key": "Color",
              "Value": "#5073a0"
            },
            {
              "Key": "Hotkey",
              "Value": "q"
            }
          ],
          "RuleSet": null,
          "DefaultValue": ""
        },
        {
          "FieldId": "Education.NoCategory.AdmissionForm.PermanentAddress",
          "FieldName": "Permanent Address",
          "IsMultiValue": false,
          "Type": "Text",
          "DeriveFieldsFormat": "",
          "Components": [],
          "SetValues": [],
          "Metadata": [
            {
              "Key": "Color",
              "Value": "#7a2edf"
            },
            {
              "Key": "Hotkey",
              "Value": "w"
            }
          ],
          "RuleSet": null,
          "DefaultValue": ""
        },
        {
          "FieldId": "Education.NoCategory.AdmissionForm.Father'sname",
          "FieldName": "Father's name",
          "IsMultiValue": false,
          "Type": "Text",
          "DeriveFieldsFormat": "",
          "Components": [],
          "SetValues": [],
          "Metadata": [
            {
              "Key": "Color",
              "Value": "#a450da"
            },
            {
              "Key": "Hotkey",
              "Value": "h"
            }
          ],
          "RuleSet": null,
          "DefaultValue": ""
        },
        {
          "FieldId": "Education.NoCategory.AdmissionForm.Father'sOccupation",
          "FieldName": "Father's Occupation",
          "IsMultiValue": false,
          "Type": "Text",
          "DeriveFieldsFormat": "",
          "Components": [],
          "SetValues": [],
          "Metadata": [
            {
              "Key": "Color",
              "Value": "#6f3dc3"
            },
            {
              "Key": "Hotkey",
              "Value": "j"
            }
          ],
          "RuleSet": null,
          "DefaultValue": ""
        },
        {
          "FieldId": "Education.NoCategory.AdmissionForm.Father'sDesignation",
          "FieldName": "Father's Designation",
          "IsMultiValue": false,
          "Type": "Text",
          "DeriveFieldsFormat": "",
          "Components": [],
          "SetValues": [],
          "Metadata": [
            {
              "Key": "Color",
              "Value": "#a05022"
            },
            {
              "Key": "Hotkey",
              "Value": "k"
            }
          ],
          "RuleSet": null,
          "DefaultValue": ""
        },
        {
          "FieldId": "Education.NoCategory.AdmissionForm.Father'scontactno",
          "FieldName": "Father's contact no",
          "IsMultiValue": false,
          "Type": "Text",
          "DeriveFieldsFormat": "",
          "Components": [],
          "SetValues": [],
          "Metadata": [
            {
              "Key": "Color",
              "Value": "#528d88"
            },
            {
              "Key": "Hotkey",
              "Value": "z"
            }
          ],
          "RuleSet": null,
          "DefaultValue": ""
        },
        {
          "FieldId": "Education.NoCategory.AdmissionForm.Mother'sname",
          "FieldName": "Mother's name",
          "IsMultiValue": false,
          "Type": "Text",
          "DeriveFieldsFormat": "",
          "Components": [],
          "SetValues": [],
          "Metadata": [
            {
              "Key": "Color",
              "Value": "#d155f4"
            },
            {
              "Key": "Hotkey",
              "Value": "x"
            }
          ],
          "RuleSet": null,
          "DefaultValue": ""
        },
        {
          "FieldId": "Education.NoCategory.AdmissionForm.Mother'sOccupation",
          "FieldName": "Mother's Occupation",
          "IsMultiValue": false,
          "Type": "Text",
          "DeriveFieldsFormat": "",
          "Components": [],
          "SetValues": [],
          "Metadata": [
            {
              "Key": "Color",
              "Value": "#624e7c"
            },
            {
              "Key": "Hotkey",
              "Value": "v"
            }
          ],
          "RuleSet": null,
          "DefaultValue": ""
        },
        {
          "FieldId": "Education.NoCategory.AdmissionForm.Mother'sDesignation",
          "FieldName": "Mother's Designation",
          "IsMultiValue": false,
          "Type": "Text",
          "DeriveFieldsFormat": "",
          "Components": [],
          "SetValues": [],
          "Metadata": [
            {
              "Key": "Color",
              "Value": "#932bef"
            },
            {
              "Key": "Hotkey",
              "Value": "1"
            }
          ],
          "RuleSet": null,
          "DefaultValue": ""
        },
        {
          "FieldId": "Education.NoCategory.AdmissionForm.Mother'scontactno",
          "FieldName": "Mother's contact no",
          "IsMultiValue": false,
          "Type": "Text",
          "DeriveFieldsFormat": "",
          "Components": [],
          "SetValues": [],
          "Metadata": [
            {
              "Key": "Color",
              "Value": "#84aa50"
            },
            {
              "Key": "Hotkey",
              "Value": "2"
            }
          ],
          "RuleSet": null,
          "DefaultValue": ""
        },
        {
          "FieldId": "Education.NoCategory.AdmissionForm.Department",
          "FieldName": "Department",
          "IsMultiValue": false,
          "Type": "Text",
          "DeriveFieldsFormat": "",
          "Components": [],
          "SetValues": [],
          "Metadata": [
            {
              "Key": "Color",
              "Value": "#c1a797"
            },
            {
              "Key": "Hotkey",
              "Value": "3"
            }
          ],
          "RuleSet": null,
          "DefaultValue": ""
        },
        {
          "FieldId": "Education.NoCategory.AdmissionForm.Boardofstudy",
          "FieldName": "Board of study",
          "IsMultiValue": false,
          "Type": "Text",
          "DeriveFieldsFormat": "",
          "Components": [],
          "SetValues": [],
          "Metadata": [
            {
              "Key": "Color",
              "Value": "#ef3dd2"
            },
            {
              "Key": "Hotkey",
              "Value": "4"
            }
          ],
          "RuleSet": null,
          "DefaultValue": ""
        },
        {
          "FieldId": "Education.NoCategory.AdmissionForm.10thmark",
          "FieldName": "10th mark",
          "IsMultiValue": false,
          "Type": "Number",
          "DeriveFieldsFormat": "",
          "Components": [],
          "SetValues": [],
          "Metadata": [
            {
              "Key": "Color",
              "Value": "#62aa60"
            },
            {
              "Key": "Hotkey",
              "Value": "5"
            }
          ],
          "RuleSet": null,
          "DefaultValue": ""
        },
        {
          "FieldId": "Education.NoCategory.AdmissionForm.12thmark",
          "FieldName": "12th mark",
          "IsMultiValue": false,
          "Type": "Number",
          "DeriveFieldsFormat": "",
          "Components": [],
          "SetValues": [],
          "Metadata": [
            {
              "Key": "Color",
              "Value": "#cb758c"
            },
            {
              "Key": "Hotkey",
              "Value": "6"
            }
          ],
          "RuleSet": null,
          "DefaultValue": ""
        },
        {
          "FieldId": "Education.NoCategory.AdmissionForm.Cutoff",
          "FieldName": "Cutoff",
          "IsMultiValue": false,
          "Type": "Number",
          "DeriveFieldsFormat": "",
          "Components": [],
          "SetValues": [],
          "Metadata": [
            {
              "Key": "Color",
              "Value": "#76db22"
            },
            {
              "Key": "Hotkey",
              "Value": "7"
            }
          ],
          "RuleSet": null,
          "DefaultValue": ""
        },
        {
          "FieldId": "Education.NoCategory.AdmissionForm.TNEArank",
          "FieldName": "TNEA rank",
          "IsMultiValue": false,
          "Type": "Number",
          "DeriveFieldsFormat": "",
          "Components": [],
          "SetValues": [],
          "Metadata": [
            {
              "Key": "Color",
              "Value": "#b900e8"
            },
            {
              "Key": "Hotkey",
              "Value": "8"
            }
          ],
          "RuleSet": null,
          "DefaultValue": ""
        },
        {
          "FieldId": "Education.NoCategory.AdmissionForm.Admndate",
          "FieldName": "Admn date",
          "IsMultiValue": false,
          "Type": "Date",
          "DeriveFieldsFormat": "",
          "Components": [],
          "SetValues": [],
          "Metadata": [
            {
              "Key": "Color",
              "Value": "#359057"
            },
            {
              "Key": "Hotkey",
              "Value": "9"
            }
          ],
          "RuleSet": null,
          "DefaultValue": ""
        }
      ]
    }
  ],
  "Groups": [
    {
      "Name": "Education",
      "Categories": [
        "Admission"
      ]
    }
  ],
  "SupportedLanguages": [
    {
      "Name": "Undetermined Language",
      "Code": "und"
    },
    {
      "Name": "Bulgarian",
      "Code": "bul"
    },
    {
      "Name": "Cantonese",
      "Code": "yue"
    },
    {
      "Name": "Danish",
      "Code": "dan"
    },
    {
      "Name": "Dutch",
      "Code": "nld"
    },
    {
      "Name": "English",
      "Code": "eng"
    },
    {
      "Name": "French",
      "Code": "fra"
    },
    {
      "Name": "Georgian",
      "Code": "kat"
    },
    {
      "Name": "German",
      "Code": "deu"
    },
    {
      "Name": "Greek",
      "Code": "ell"
    },
    {
      "Name": "Hebrew",
      "Code": "heb"
    },
    {
      "Name": "Hindi",
      "Code": "hin"
    },
    {
      "Name": "Italian",
      "Code": "ita"
    },
    {
      "Name": "Japanese",
      "Code": "jpn"
    },
    {
      "Name": "Korean",
      "Code": "kor"
    },
    {
      "Name": "Macedonian",
      "Code": "mkd"
    },
    {
      "Name": "Mandarin",
      "Code": "zho"
    },
    {
      "Name": "Marathi",
      "Code": "mar"
    },
    {
      "Name": "Norwegian",
      "Code": "nor"
    },
    {
      "Name": "Polish",
      "Code": "pol"
    },
    {
      "Name": "Portuguese",
      "Code": "por"
    },
    {
      "Name": "Romanian",
      "Code": "ron"
    },
    {
      "Name": "Russian",
      "Code": "rus"
    },
    {
      "Name": "Serbian",
      "Code": "srp"
    },
    {
      "Name": "Spanish",
      "Code": "spa"
    },
    {
      "Name": "Swedish",
      "Code": "swe"
    },
    {
      "Name": "Telugu",
      "Code": "tel"
    },
    {
      "Name": "Turkish",
      "Code": "tur"
    }
  ]
}